date,open,close,high,low,mktret
2022/8/31,"3,202.14","3,216.53","3,232.02","3,184.39",-0.78%
2022/8/30,"3,227.22","3,240.18","3,243.75","3,212.63",-0.42%
2022/8/29,"3,240.73","3,203.10","3,240.73","3,199.00",0.14%
2022/8/26,"3,236.22","3,250.63","3,266.27","3,232.28",-0.31%
2022/8/25,"3,246.25","3,223.46","3,248.35","3,199.12",0.97%
2022/8/24,"3,215.20","3,279.17","3,281.88","3,212.39",-1.86%
2022/8/23,"3,276.22","3,274.43","3,284.60","3,262.63",-0.05%
2022/8/22,"3,277.79","3,249.70","3,278.17","3,247.19",0.61%
2022/8/19,"3,258.08","3,275.62","3,286.49","3,258.06",-0.59%
2022/8/18,"3,277.54","3,286.37","3,289.14","3,270.56",-0.46%
2022/8/17,"3,292.53","3,282.10","3,296.00","3,263.35",0.45%
2022/8/16,"3,277.88","3,278.68","3,295.02","3,271.57",0.05%
2022/8/15,"3,276.09","3,268.37","3,286.89","3,261.82",-0.02%
2022/8/12,"3,276.89","3,275.77","3,288.22","3,272.84",-0.15%
2022/8/11,"3,281.67","3,243.47","3,281.67","3,237.90",1.60%
2022/8/10,"3,230.02","3,242.36","3,253.17","3,217.81",-0.54%
2022/8/9,"3,247.43","3,235.74","3,248.77","3,227.54",0.32%
2022/8/8,"3,236.93","3,218.85","3,237.97","3,214.08",0.31%
2022/8/5,"3,227.03","3,195.23","3,228.89","3,184.45",1.19%
2022/8/4,"3,189.04","3,179.43","3,191.00","3,155.70",0.80%
2022/8/3,"3,163.67","3,188.89","3,217.55","3,159.46",-0.71%
2022/8/2,"3,186.27","3,231.26","3,231.26","3,155.19",-2.26%
2022/8/1,"3,259.96","3,246.62","3,264.30","3,225.55",0.21%
2022/7/29,"3,253.24","3,282.81","3,294.80","3,246.37",-0.89%
2022/7/28,"3,282.58","3,287.50","3,305.71","3,277.11",0.21%
2022/7/27,"3,275.76","3,271.78","3,282.57","3,265.73",-0.05%
2022/7/26,"3,277.44","3,254.19","3,282.41","3,246.04",0.83%
2022/7/25,"3,250.39","3,269.71","3,273.18","3,243.03",-0.60%
2022/7/22,"3,269.97","3,276.20","3,293.64","3,246.73",-0.06%
2022/7/21,"3,272.00","3,297.66","3,300.53","3,272.00",-0.99%
2022/7/20,"3,304.72","3,291.55","3,308.35","3,287.74",0.77%
2022/7/19,"3,279.43","3,278.72","3,283.93","3,256.02",0.04%
2022/7/18,"3,278.10","3,235.09","3,278.47","3,226.23",1.55%
2022/7/15,"3,228.06","3,261.38","3,288.92","3,228.06",-1.64%
2022/7/14,"3,281.74","3,277.45","3,299.25","3,261.49",-0.08%
2022/7/13,"3,284.29","3,279.60","3,297.02","3,266.48",0.09%
2022/7/12,"3,281.47","3,307.22","3,319.25","3,277.08",-0.97%
2022/7/11,"3,313.58","3,341.10","3,341.10","3,297.00",-1.27%
2022/7/8,"3,356.08","3,380.37","3,386.31","3,354.12",-0.25%
2022/7/7,"3,364.40","3,353.13","3,375.86","3,332.31",0.27%
2022/7/6,"3,355.35","3,391.03","3,391.03","3,333.10",-1.43%
2022/7/5,"3,404.03","3,411.13","3,424.84","3,372.06",-0.04%
2022/7/4,"3,405.43","3,381.82","3,405.62","3,364.09",0.53%
2022/7/1,"3,387.64","3,400.26","3,404.05","3,378.36",-0.32%
2022/6/30,"3,398.62","3,358.93","3,417.01","3,358.93",1.10%
2022/6/29,"3,361.52","3,399.68","3,414.65","3,358.47",-1.40%
2022/6/28,"3,409.21","3,377.68","3,412.10","3,358.87",0.89%
2022/6/27,"3,379.19","3,364.00","3,393.31","3,364.00",0.88%
2022/6/24,"3,349.75","3,324.74","3,356.71","3,322.95",0.89%
2022/6/23,"3,320.15","3,269.05","3,320.15","3,262.29",1.62%
2022/6/22,"3,267.20","3,309.12","3,311.02","3,266.54",-1.20%
2022/6/21,"3,306.72","3,313.79","3,329.39","3,279.83",-0.26%
2022/6/20,"3,315.43","3,315.78","3,333.90","3,292.93",-0.04%
2022/6/17,"3,316.79","3,265.51","3,323.28","3,262.89",0.96%
2022/6/16,"3,285.38","3,306.84","3,319.69","3,277.53",-0.61%
2022/6/15,"3,305.41","3,289.10","3,358.55","3,288.85",0.50%
2022/6/14,"3,288.91","3,224.21","3,289.13","3,195.82",1.02%
2022/6/13,"3,255.55","3,256.27","3,272.99","3,229.31",-0.89%
2022/6/10,"3,284.83","3,214.18","3,286.62","3,210.81",1.42%
2022/6/9,"3,238.95","3,259.49","3,270.56","3,223.48",-0.76%
2022/6/8,"3,263.79","3,245.02","3,266.63","3,216.01",0.68%
2022/6/7,"3,241.76","3,235.42","3,253.09","3,222.64",0.17%
2022/6/6,"3,236.37","3,196.96","3,237.07","3,181.65",1.28%
2022/6/2,"3,195.46","3,170.31","3,197.28","3,163.76",0.42%
2022/6/1,"3,182.16","3,179.69","3,190.61","3,160.04",-0.13%
2022/5/31,"3,186.43","3,149.94","3,188.60","3,142.00",1.19%
2022/5/30,"3,149.06","3,141.96","3,150.89","3,123.15",0.60%
2022/5/27,"3,130.24","3,135.03","3,151.05","3,112.54",0.23%
2022/5/26,"3,123.11","3,111.48","3,133.28","3,079.48",0.50%
2022/5/25,"3,107.46","3,070.17","3,107.63","3,069.95",1.19%
2022/5/24,"3,070.93","3,149.06","3,153.13","3,070.93",-2.41%
2022/5/23,"3,146.86","3,150.49","3,150.51","3,127.90",0.01%
2022/5/20,"3,146.57","3,107.09","3,146.57","3,107.09",1.60%
2022/5/19,"3,096.96","3,046.71","3,096.96","3,042.67",0.36%
2022/5/18,"3,085.98","3,095.89","3,105.84","3,071.30",-0.25%
2022/5/17,"3,093.70","3,076.50","3,093.70","3,057.64",0.65%
2022/5/16,"3,073.75","3,100.55","3,102.58","3,063.40",-0.34%
2022/5/13,"3,084.28","3,068.03","3,086.10","3,059.25",0.96%
2022/5/12,"3,054.99","3,044.80","3,072.16","3,032.95",-0.12%
2022/5/11,"3,058.70","3,035.39","3,100.90","3,034.67",0.75%
2022/5/10,"3,035.84","2,965.78","3,043.78","2,957.40",1.06%
2022/5/9,"3,004.14","2,990.20","3,015.94","2,983.61",0.09%
2022/5/6,"3,001.56","3,011.32","3,030.69","2,992.72",-2.16%
2022/5/5,"3,067.76","3,044.85","3,082.23","3,042.12",0.68%
2022/4/29,"3,047.06","2,986.06","3,048.49","2,968.33",2.41%
2022/4/28,"2,975.48","2,945.81","2,991.51","2,936.79",0.58%
2022/4/27,"2,958.28","2,866.82","2,959.18","2,863.65",2.49%
2022/4/26,"2,886.43","2,930.45","2,957.68","2,878.26",-1.44%
2022/4/25,"2,928.51","3,034.27","3,043.82","2,928.51",-5.13%
2022/4/22,"3,086.92","3,058.40","3,105.66","3,049.36",0.23%
2022/4/21,"3,079.81","3,138.43","3,160.90","3,069.68",-2.26%
2022/4/20,"3,151.05","3,189.89","3,191.83","3,142.05",-1.35%
2022/4/19,"3,194.03","3,192.09","3,207.83","3,174.71",-0.05%
2022/4/18,"3,195.52","3,185.94","3,204.03","3,166.98",-0.49%
2022/4/15,"3,211.24","3,210.70","3,229.87","3,200.13",-0.45%
2022/4/14,"3,225.64","3,203.63","3,240.00","3,200.23",1.22%
2022/4/13,"3,186.82","3,199.80","3,225.47","3,183.53",-0.82%
2022/4/12,"3,213.33","3,165.12","3,214.54","3,140.90",1.46%
2022/4/11,"3,167.13","3,239.85","3,239.85","3,156.51",-2.61%
2022/4/8,"3,251.85","3,239.88","3,257.09","3,208.35",0.47%
2022/4/7,"3,236.70","3,267.81","3,290.26","3,236.48",-1.42%
2022/4/6,"3,283.43","3,269.43","3,288.11","3,255.69",0.02%
2022/4/1,"3,282.72","3,234.67","3,287.23","3,226.30",0.94%
2022/3/31,"3,252.20","3,256.14","3,272.04","3,246.06",-0.44%
2022/3/30,"3,266.60","3,217.59","3,266.60","3,216.30",1.96%
2022/3/29,"3,203.94","3,216.01","3,229.18","3,196.46",-0.33%
2022/3/28,"3,214.50","3,185.17","3,230.22","3,159.83",0.07%
2022/3/25,"3,212.24","3,247.16","3,257.11","3,211.64",-1.17%
2022/3/24,"3,250.26","3,256.06","3,266.89","3,236.66",-0.63%
2022/3/23,"3,271.03","3,264.79","3,279.89","3,251.98",0.34%
2022/3/22,"3,259.86","3,249.54","3,279.11","3,239.53",0.19%
2022/3/21,"3,253.69","3,255.62","3,267.50","3,223.39",0.08%
2022/3/18,"3,251.07","3,207.15","3,260.78","3,197.36",1.12%
2022/3/17,"3,215.04","3,215.01","3,260.17","3,202.93",1.40%
2022/3/16,"3,170.71","3,107.67","3,177.79","3,023.30",3.48%
2022/3/15,"3,063.97","3,192.36","3,196.92","3,063.97",-4.95%
2022/3/14,"3,223.53","3,271.89","3,297.80","3,223.53",-2.60%
2022/3/11,"3,309.75","3,259.32","3,315.66","3,217.42",0.41%
2022/3/10,"3,296.09","3,312.18","3,326.58","3,291.24",1.22%
2022/3/9,"3,256.39","3,303.71","3,321.48","3,147.68",-1.13%
2022/3/8,"3,293.53","3,372.55","3,383.63","3,287.34",-2.35%
2022/3/7,"3,372.86","3,438.56","3,438.56","3,360.74",-2.17%
2022/3/4,"3,447.65","3,459.98","3,474.88","3,437.70",-0.96%
2022/3/3,"3,481.11","3,495.93","3,500.29","3,473.34",-0.09%
2022/3/2,"3,484.19","3,478.29","3,486.62","3,467.00",-0.13%
2022/3/1,"3,488.83","3,471.36","3,491.13","3,465.72",0.77%
2022/2/28,"3,462.31","3,450.32","3,462.31","3,425.52",0.32%
2022/2/25,"3,451.41","3,445.34","3,480.18","3,440.93",0.63%
2022/2/24,"3,429.96","3,474.37","3,486.98","3,400.21",-1.70%
2022/2/23,"3,489.15","3,458.51","3,490.76","3,458.18",0.93%
2022/2/22,"3,457.15","3,473.29","3,473.39","3,437.67",-0.96%
2022/2/21,"3,490.61","3,488.41","3,492.20","3,471.69",0.00%
2022/2/18,"3,490.76","3,451.63","3,490.76","3,447.03",0.66%
2022/2/17,"3,468.04","3,464.21","3,480.97","3,454.28",0.06%
2022/2/16,"3,465.83","3,457.07","3,475.06","3,453.80",0.57%
2022/2/15,"3,446.09","3,428.04","3,447.49","3,421.64",0.50%
2022/2/14,"3,428.88","3,451.85","3,457.26","3,415.45",-0.98%
2022/2/11,"3,462.95","3,472.28","3,500.15","3,459.33",-0.66%
2022/2/10,"3,485.91","3,481.91","3,488.86","3,464.22",0.17%
2022/2/9,"3,479.95","3,450.82","3,484.74","3,444.08",0.79%
2022/2/8,"3,452.63","3,428.54","3,453.19","3,390.46",0.67%
2022/2/7,"3,429.58","3,407.76","3,434.03","3,407.76",2.03%
2022/1/28,"3,361.44","3,407.59","3,417.05","3,356.56",-0.97%
2022/1/27,"3,394.25","3,456.10","3,456.36","3,392.02",-1.78%
2022/1/26,"3,455.67","3,442.69","3,462.12","3,417.76",0.66%
2022/1/25,"3,433.06","3,509.28","3,519.83","3,433.06",-2.58%
2022/1/24,"3,524.10","3,508.24","3,531.61","3,500.14",0.04%
2022/1/21,"3,522.57","3,546.75","3,547.00","3,514.89",-0.91%
2022/1/20,"3,555.06","3,556.23","3,576.26","3,540.55",-0.09%
2022/1/19,"3,558.18","3,567.63","3,578.73","3,541.66",-0.33%
2022/1/18,"3,569.91","3,541.89","3,579.31","3,531.33",0.80%
2022/1/17,"3,541.67","3,522.09","3,546.09","3,519.43",0.58%
2022/1/14,"3,521.26","3,544.07","3,548.42","3,519.32",-0.96%
2022/1/13,"3,555.26","3,601.03","3,601.07","3,555.16",-1.17%
2022/1/12,"3,597.43","3,578.16","3,599.50","3,572.10",0.84%
2022/1/11,"3,567.44","3,589.90","3,602.15","3,562.75",-0.73%
2022/1/10,"3,593.52","3,572.74","3,593.52","3,555.13",0.39%
2022/1/7,"3,579.54","3,588.99","3,607.23","3,577.10",-0.18%
2022/1/6,"3,586.08","3,581.22","3,594.49","3,559.88",-0.25%
2022/1/5,"3,595.18","3,628.26","3,628.26","3,583.47",-1.02%
2022/1/4,"3,632.33","3,649.15","3,651.89","3,610.09",-0.20%
2021/12/31,"3,639.78","3,626.24","3,642.84","3,624.94",0.57%
2021/12/30,"3,619.19","3,596.49","3,628.92","3,595.50",0.62%
2021/12/29,"3,597.00","3,630.92","3,630.92","3,596.32",-0.91%
2021/12/28,"3,630.11","3,619.64","3,631.08","3,607.36",0.39%
2021/12/27,"3,615.97","3,613.05","3,632.19","3,601.94",-0.06%
2021/12/24,"3,618.05","3,645.39","3,648.96","3,612.07",-0.69%
2021/12/23,"3,643.34","3,625.47","3,643.55","3,618.05",0.57%
2021/12/22,"3,622.62","3,632.68","3,635.90","3,616.55",-0.07%
2021/12/21,"3,625.13","3,591.45","3,627.09","3,591.45",0.88%
2021/12/20,"3,593.60","3,620.04","3,643.95","3,589.36",-1.07%
2021/12/17,"3,632.36","3,670.26","3,673.65","3,631.66",-1.16%
2021/12/16,"3,675.02","3,648.93","3,675.02","3,644.66",0.75%
2021/12/15,"3,647.63","3,655.05","3,668.40","3,645.24",-0.38%
2021/12/14,"3,661.53","3,669.81","3,671.68","3,654.66",-0.53%
2021/12/13,"3,681.08","3,686.94","3,708.94","3,678.06",0.40%
2021/12/10,"3,666.35","3,654.37","3,667.85","3,651.35",-0.18%
2021/12/9,"3,673.04","3,641.16","3,688.40","3,638.70",0.98%
2021/12/8,"3,637.57","3,602.82","3,637.72","3,591.99",1.18%
2021/12/7,"3,595.09","3,611.22","3,614.22","3,572.57",0.16%
2021/12/6,"3,589.31","3,615.24","3,626.13","3,586.81",-0.50%
2021/12/3,"3,607.43","3,576.45","3,608.47","3,573.21",0.94%
2021/12/2,"3,573.84","3,573.25","3,586.87","3,567.14",-0.09%
2021/12/1,"3,576.89","3,561.89","3,576.89","3,558.69",0.36%
2021/11/30,"3,563.89","3,570.75","3,582.11","3,546.36",0.03%
2021/11/29,"3,562.70","3,528.67","3,563.68","3,526.35",-0.04%
2021/11/26,"3,564.09","3,576.11","3,576.11","3,554.88",-0.56%
2021/11/25,"3,584.18","3,593.39","3,597.15","3,579.53",-0.24%
2021/11/24,"3,592.70","3,590.02","3,602.74","3,575.29",0.10%
2021/11/23,"3,589.09","3,580.51","3,598.38","3,577.36",0.20%
2021/11/22,"3,582.08","3,562.76","3,585.19","3,562.75",0.61%
2021/11/19,"3,560.37","3,519.28","3,561.91","3,517.65",1.13%
2021/11/18,"3,520.71","3,531.49","3,537.98","3,513.11",-0.47%
2021/11/17,"3,537.37","3,518.56","3,537.51","3,513.52",0.44%
2021/11/16,"3,521.79","3,530.46","3,549.77","3,517.81",-0.33%
2021/11/15,"3,533.30","3,542.90","3,550.44","3,521.29",-0.16%
2021/11/12,"3,539.10","3,534.15","3,543.65","3,527.39",0.18%
2021/11/11,"3,532.79","3,486.45","3,534.20","3,482.83",1.15%
2021/11/10,"3,492.46","3,498.94","3,498.94","3,448.44",-0.41%
2021/11/9,"3,507.00","3,507.11","3,514.95","3,489.04",0.24%
2021/11/8,"3,498.63","3,491.97","3,507.27","3,484.24",0.20%
2021/11/5,"3,491.57","3,520.21","3,525.87","3,491.46",-1.00%
2021/11/4,"3,526.87","3,505.89","3,527.95","3,503.01",0.81%
2021/11/3,"3,498.54","3,501.10","3,512.61","3,480.49",-0.20%
2021/11/2,"3,505.63","3,543.38","3,559.05","3,477.66",-1.10%
2021/11/1,"3,544.48","3,530.40","3,556.59","3,519.29",-0.08%
2021/10/29,"3,547.34","3,519.33","3,547.34","3,502.80",0.82%
2021/10/28,"3,518.42","3,548.70","3,552.04","3,509.49",-1.23%
2021/10/27,"3,562.31","3,589.86","3,589.86","3,553.13",-0.98%
2021/10/26,"3,597.64","3,612.83","3,625.02","3,589.71",-0.34%
2021/10/25,"3,609.86","3,574.26","3,611.09","3,564.21",0.76%
2021/10/22,"3,582.60","3,594.75","3,607.58","3,578.76",-0.34%
2021/10/21,"3,594.78","3,590.05","3,610.96","3,576.35",0.22%
2021/10/20,"3,587.00","3,583.24","3,596.05","3,574.30",-0.17%
2021/10/19,"3,593.15","3,562.30","3,596.79","3,560.62",0.70%
2021/10/18,"3,568.14","3,571.05","3,571.05","3,539.48",-0.12%
2021/10/15,"3,572.37","3,551.99","3,578.77","3,542.69",0.40%
2021/10/14,"3,558.28","3,555.11","3,569.69","3,547.18",-0.10%
2021/10/13,"3,561.76","3,543.49","3,569.13","3,515.65",0.42%
2021/10/12,"3,546.94","3,581.30","3,583.64","3,515.14",-1.25%
2021/10/11,"3,591.71","3,600.36","3,614.70","3,586.75",-0.01%
2021/10/8,"3,592.17","3,609.09","3,612.55","3,571.73",0.67%
2021/9/30,"3,568.17","3,541.93","3,572.43","3,541.93",0.90%
2021/9/29,"3,536.29","3,573.52","3,573.52","3,518.05",-1.83%
2021/9/28,"3,602.22","3,577.89","3,610.92","3,568.82",0.54%
2021/9/27,"3,582.83","3,625.96","3,640.81","3,559.92",-0.84%
2021/9/24,"3,613.07","3,637.87","3,651.43","3,607.79",-0.80%
2021/9/23,"3,642.22","3,651.27","3,670.95","3,632.28",0.38%
2021/9/22,"3,628.49","3,563.21","3,629.45","3,560.50",0.40%
2021/9/17,"3,613.97","3,595.27","3,620.96","3,569.27",0.19%
2021/9/16,"3,607.09","3,664.84","3,677.92","3,606.73",-1.34%
2021/9/15,"3,656.22","3,651.16","3,677.53","3,638.32",-0.17%
2021/9/14,"3,662.60","3,709.63","3,723.85","3,655.63",-1.42%
2021/9/13,"3,715.37","3,699.25","3,716.83","3,692.82",0.33%
2021/9/10,"3,703.11","3,691.19","3,722.87","3,681.64",0.27%
2021/9/9,"3,693.13","3,666.82","3,693.45","3,662.16",0.49%
2021/9/8,"3,675.19","3,673.40","3,695.32","3,661.00",-0.04%
2021/9/7,"3,676.59","3,621.71","3,681.93","3,615.14",1.51%
2021/9/6,"3,621.86","3,580.14","3,626.29","3,580.14",1.12%
2021/9/3,"3,581.73","3,602.74","3,613.95","3,569.40",-0.43%
2021/9/2,"3,597.04","3,559.90","3,597.37","3,557.68",0.84%
2021/9/1,"3,567.10","3,543.87","3,582.32","3,514.67",0.65%
2021/8/31,"3,543.94","3,519.02","3,543.94","3,496.39",0.45%
2021/8/30,"3,528.15","3,535.07","3,539.49","3,512.99",0.17%
2021/8/27,"3,522.16","3,494.42","3,530.19","3,493.38",0.59%
2021/8/26,"3,501.66","3,537.31","3,537.32","3,499.45",-1.09%
2021/8/25,"3,540.38","3,517.92","3,540.39","3,510.07",0.74%
2021/8/24,"3,514.47","3,482.27","3,522.70","3,481.14",1.07%
2021/8/23,"3,477.13","3,436.80","3,481.25","3,436.67",1.45%
2021/8/20,"3,427.33","3,442.51","3,453.15","3,394.97",-1.10%
2021/8/19,"3,465.55","3,475.30","3,480.46","3,446.01",-0.57%
2021/8/18,"3,485.29","3,442.35","3,487.44","3,437.69",1.11%
2021/8/17,"3,446.98","3,512.11","3,531.72","3,438.12",-2.00%
2021/8/16,"3,517.34","3,514.34","3,537.85","3,510.90",0.03%
2021/8/13,"3,516.30","3,514.47","3,540.08","3,500.80",-0.24%
2021/8/12,"3,524.74","3,522.72","3,538.40","3,513.45",-0.22%
2021/8/11,"3,532.62","3,527.11","3,544.09","3,524.04",0.08%
2021/8/10,"3,529.93","3,488.66","3,529.93","3,477.06",1.01%
2021/8/9,"3,494.63","3,441.75","3,502.84","3,438.70",1.05%
2021/8/6,"3,458.23","3,465.48","3,466.39","3,436.93",-0.24%
2021/8/5,"3,466.55","3,461.72","3,486.16","3,449.39",-0.31%
2021/8/4,"3,477.22","3,442.94","3,477.60","3,440.78",0.85%
2021/8/3,"3,447.99","3,446.78","3,470.66","3,435.46",-0.47%
2021/8/2,"3,464.29","3,385.69","3,464.29","3,367.64",1.97%
2021/7/30,"3,397.36","3,398.20","3,404.88","3,370.45",-0.42%
2021/7/29,"3,411.72","3,403.84","3,416.61","3,382.57",1.49%
2021/7/28,"3,361.59","3,355.82","3,385.54","3,312.72",-0.58%
2021/7/27,"3,381.18","3,467.45","3,483.87","3,380.28",-2.49%
2021/7/26,"3,467.44","3,538.01","3,538.01","3,424.74",-2.34%
2021/7/23,"3,550.40","3,571.72","3,571.85","3,541.51",-0.68%
2021/7/22,"3,574.73","3,563.66","3,576.47","3,558.29",0.34%
2021/7/21,"3,562.66","3,543.05","3,569.09","3,543.05",0.73%
2021/7/20,"3,536.79","3,515.07","3,538.64","3,509.19",-0.07%
2021/7/19,"3,539.12","3,530.49","3,544.88","3,506.34",-0.01%
2021/7/16,"3,539.30","3,559.53","3,566.00","3,537.73",-0.71%
2021/7/15,"3,564.59","3,519.06","3,565.93","3,514.26",1.02%
2021/7/14,"3,528.50","3,560.83","3,560.83","3,525.49",-1.07%
2021/7/13,"3,566.52","3,547.59","3,567.48","3,542.82",0.53%
2021/7/12,"3,547.84","3,545.20","3,565.03","3,527.39",0.67%
2021/7/9,"3,524.09","3,512.23","3,529.31","3,485.05",-0.04%
2021/7/8,"3,525.50","3,557.22","3,558.68","3,521.06",-0.79%
2021/7/7,"3,553.72","3,508.59","3,557.88","3,504.47",0.66%
2021/7/6,"3,530.26","3,533.13","3,538.35","3,496.93",-0.11%
2021/7/5,"3,534.32","3,516.92","3,534.32","3,510.58",0.44%
2021/7/2,"3,518.76","3,569.89","3,569.89","3,514.34",-1.95%
2021/7/1,"3,588.78","3,600.55","3,607.70","3,573.94",-0.07%
2021/6/30,"3,591.20","3,572.62","3,594.12","3,569.50",0.50%
2021/6/29,"3,573.18","3,601.68","3,601.83","3,570.53",-0.92%
2021/6/28,"3,606.37","3,612.25","3,614.36","3,594.22",-0.03%
2021/6/25,"3,607.56","3,567.38","3,614.30","3,564.52",1.15%
2021/6/24,"3,566.65","3,568.58","3,570.49","3,548.82",0.01%
2021/6/23,"3,566.22","3,559.40","3,577.47","3,549.85",0.25%
2021/6/22,"3,557.41","3,539.79","3,560.19","3,536.81",0.80%
2021/6/21,"3,529.18","3,515.50","3,540.30","3,504.01",0.12%
2021/6/18,"3,525.10","3,520.50","3,535.62","3,503.18",-0.01%
2021/6/17,"3,525.60","3,508.32","3,534.20","3,507.35",0.21%
2021/6/16,"3,518.33","3,556.71","3,561.09","3,513.56",-1.07%
2021/6/15,"3,556.56","3,587.47","3,592.95","3,547.19",-0.92%
2021/6/11,"3,589.75","3,614.11","3,614.40","3,587.15",-0.58%
2021/6/10,"3,610.86","3,587.53","3,624.34","3,584.13",0.54%
2021/6/9,"3,591.40","3,576.80","3,598.71","3,572.64",0.32%
2021/6/8,"3,580.11","3,598.75","3,621.52","3,563.25",-0.54%
2021/6/7,"3,599.54","3,597.14","3,600.38","3,581.90",0.21%
2021/6/4,"3,591.84","3,565.47","3,618.80","3,561.89",0.21%
2021/6/3,"3,584.21","3,595.42","3,618.51","3,584.21",-0.36%
2021/6/2,"3,597.14","3,626.33","3,629.29","3,584.60",-0.76%
2021/6/1,"3,624.71","3,608.60","3,626.07","3,581.91",0.26%
2021/5/31,"3,615.48","3,600.07","3,615.66","3,580.65",0.41%
2021/5/28,"3,600.78","3,610.77","3,622.18","3,582.36",-0.22%
2021/5/27,"3,608.85","3,585.73","3,626.36","3,579.26",0.43%
2021/5/26,"3,593.36","3,586.84","3,603.49","3,585.37",0.34%
2021/5/25,"3,581.34","3,502.54","3,584.58","3,502.44",2.40%
2021/5/24,"3,497.28","3,486.27","3,498.30","3,469.87",0.31%
2021/5/21,"3,486.56","3,510.84","3,518.38","3,479.67",-0.58%
2021/5/20,"3,506.94","3,500.88","3,517.74","3,486.07",-0.11%
2021/5/19,"3,510.96","3,521.11","3,521.11","3,503.82",-0.51%
2021/5/18,"3,529.01","3,520.65","3,529.01","3,510.86",0.32%
2021/5/17,"3,517.62","3,490.41","3,530.51","3,490.14",0.78%
2021/5/14,"3,490.38","3,436.09","3,490.64","3,422.56",1.77%
2021/5/13,"3,429.54","3,432.14","3,448.02","3,418.38",-0.96%
2021/5/12,"3,462.75","3,429.75","3,466.37","3,428.39",0.61%
2021/5/11,"3,441.85","3,406.60","3,448.10","3,384.70",0.40%
2021/5/10,"3,427.99","3,423.59","3,429.74","3,401.93",0.27%
2021/5/7,"3,418.87","3,446.41","3,457.89","3,416.78",-0.65%
2021/5/6,"3,441.28","3,446.07","3,471.24","3,426.85",-0.16%
2021/4/30,"3,446.86","3,468.30","3,469.09","3,426.90",-0.81%
2021/4/29,"3,474.90","3,458.08","3,478.23","3,447.59",0.52%
2021/4/28,"3,457.07","3,432.16","3,457.07","3,423.32",0.42%
2021/4/27,"3,442.61","3,440.09","3,443.85","3,417.26",0.04%
2021/4/26,"3,441.17","3,484.11","3,497.12","3,438.57",-0.95%
2021/4/23,"3,474.17","3,462.09","3,482.36","3,456.33",0.26%
2021/4/22,"3,465.11","3,482.83","3,485.36","3,456.32",-0.23%
2021/4/21,"3,472.93","3,456.30","3,481.25","3,450.11",0.00%
2021/4/20,"3,472.94","3,467.15","3,494.30","3,463.46",-0.13%
2021/4/19,"3,477.55","3,427.55","3,479.01","3,414.36",1.49%
2021/4/16,"3,426.62","3,407.19","3,432.63","3,394.13",0.81%
2021/4/15,"3,398.99","3,409.61","3,409.61","3,373.09",-0.52%
2021/4/14,"3,416.72","3,397.02","3,420.03","3,392.98",0.60%
2021/4/13,"3,396.47","3,411.29","3,425.39","3,387.90",-0.48%
2021/4/12,"3,412.95","3,445.97","3,456.16","3,403.90",-1.09%
2021/4/9,"3,450.68","3,475.44","3,475.45","3,442.14",-0.92%
2021/4/8,"3,482.55","3,467.49","3,495.91","3,459.32",0.08%
2021/4/7,"3,479.63","3,483.42","3,483.42","3,453.19",-0.10%
2021/4/6,"3,482.97","3,491.63","3,493.28","3,471.76",-0.04%
2021/4/2,"3,484.39","3,472.63","3,487.59","3,462.83",0.52%
2021/4/1,"3,466.33","3,444.81","3,470.03","3,438.83",0.71%
2021/3/31,"3,441.91","3,452.21","3,452.21","3,420.83",-0.43%
2021/3/30,"3,456.68","3,432.53","3,457.63","3,423.32",0.62%
2021/3/29,"3,435.30","3,429.63","3,449.83","3,409.89",0.50%
2021/3/26,"3,418.33","3,373.32","3,423.22","3,373.32",1.63%
2021/3/25,"3,363.59","3,355.07","3,382.23","3,344.97",-0.10%
2021/3/24,"3,367.06","3,394.13","3,415.29","3,362.18",-1.30%
2021/3/23,"3,411.51","3,445.34","3,445.42","3,390.05",-0.93%
2021/3/22,"3,443.44","3,406.12","3,443.66","3,404.23",1.14%
2021/3/19,"3,404.66","3,423.87","3,439.52","3,389.29",-1.69%
2021/3/18,"3,463.07","3,449.64","3,478.14","3,449.38",0.51%
2021/3/17,"3,445.55","3,435.73","3,454.06","3,410.28",-0.03%
2021/3/16,"3,446.73","3,424.65","3,448.88","3,406.17",0.78%
2021/3/15,"3,419.95","3,441.88","3,457.49","3,392.51",-0.96%
2021/3/12,"3,453.08","3,447.20","3,454.51","3,417.24",0.47%
2021/3/11,"3,436.83","3,369.90","3,436.83","3,369.90",2.36%
2021/3/10,"3,357.74","3,389.84","3,397.03","3,354.82",-0.05%
2021/3/9,"3,359.29","3,415.34","3,429.15","3,328.31",-1.82%
2021/3/8,"3,421.41","3,524.98","3,542.30","3,421.22",-2.30%
2021/3/5,"3,501.99","3,463.31","3,523.57","3,456.67",-0.04%
2021/3/4,"3,503.49","3,546.64","3,552.20","3,487.38",-2.05%
2021/3/3,"3,576.90","3,500.16","3,577.62","3,498.72",1.95%
2021/3/2,"3,508.59","3,566.85","3,566.85","3,485.36",-1.21%
2021/3/1,"3,551.40","3,531.48","3,552.57","3,511.99",1.21%
2021/2/26,"3,509.08","3,514.56","3,550.41","3,500.70",-2.12%
2021/2/25,"3,585.05","3,595.54","3,608.56","3,568.47",0.59%
2021/2/24,"3,564.08","3,638.94","3,645.65","3,531.59",-1.99%
2021/2/23,"3,636.36","3,617.70","3,672.15","3,617.70",-0.17%
2021/2/22,"3,642.44","3,707.19","3,717.27","3,642.44",-1.45%
2021/2/19,"3,696.17","3,661.78","3,699.65","3,634.01",0.57%
2021/2/18,"3,675.36","3,721.09","3,731.69","3,663.66",0.55%
2021/2/10,"3,655.09","3,612.61","3,662.77","3,612.50",1.43%
2021/2/9,"3,603.49","3,539.77","3,604.01","3,528.68",2.01%
2021/2/8,"3,532.45","3,504.56","3,542.21","3,492.13",1.03%
2021/2/5,"3,496.33","3,509.49","3,536.54","3,492.96",-0.16%
2021/2/4,"3,501.86","3,503.78","3,524.72","3,465.77",-0.44%
2021/2/3,"3,517.31","3,531.15","3,544.01","3,508.51",-0.46%
2021/2/2,"3,533.68","3,510.81","3,535.50","3,495.57",0.81%
2021/2/1,"3,505.28","3,477.17","3,506.39","3,469.88",0.64%
2021/1/29,"3,483.07","3,521.72","3,531.60","3,446.55",-0.63%
2021/1/28,"3,505.18","3,534.67","3,549.54","3,496.88",-1.91%
2021/1/27,"3,573.34","3,567.55","3,578.80","3,546.49",0.11%
2021/1/26,"3,569.43","3,610.97","3,610.97","3,564.74",-1.51%
2021/1/25,"3,624.24","3,605.36","3,637.10","3,591.02",0.48%
2021/1/22,"3,606.75","3,616.54","3,616.54","3,585.03",-0.40%
2021/1/21,"3,621.26","3,590.92","3,636.24","3,585.80",1.07%
2021/1/20,"3,583.09","3,564.12","3,589.96","3,556.44",0.47%
2021/1/19,"3,566.38","3,596.36","3,603.15","3,553.02",-0.83%
2021/1/18,"3,596.22","3,554.80","3,608.77","3,544.26",0.84%
2021/1/15,"3,566.38","3,566.28","3,589.27","3,533.79",0.01%
2021/1/14,"3,565.90","3,584.93","3,599.06","3,559.60",-0.91%
2021/1/13,"3,598.65","3,613.28","3,622.35","3,575.59",-0.27%
2021/1/12,"3,608.34","3,518.01","3,608.34","3,517.47",2.18%
2021/1/11,"3,531.50","3,571.32","3,597.70","3,516.99",-1.08%
2021/1/8,"3,570.11","3,577.69","3,588.06","3,544.89",-0.17%
2021/1/7,"3,576.20","3,552.91","3,576.20","3,526.62",0.71%
2021/1/6,"3,550.88","3,530.91","3,556.80","3,513.13",0.63%
2021/1/5,"3,528.68","3,492.19","3,528.68","3,484.72",0.73%
2021/1/4,"3,502.96","3,474.68","3,511.66","3,457.21",0.86%
2020/12/31,"3,473.07","3,419.73","3,474.92","3,419.73",1.72%
2020/12/30,"3,414.45","3,375.01","3,414.45","3,374.42",1.05%
2020/12/29,"3,379.04","3,399.29","3,407.09","3,376.09",-0.54%
2020/12/28,"3,397.29","3,396.36","3,412.52","3,383.65",0.02%
2020/12/25,"3,396.56","3,351.79","3,397.01","3,348.35",0.99%
2020/12/24,"3,363.11","3,382.19","3,394.07","3,354.02",-0.57%
2020/12/23,"3,382.32","3,362.47","3,394.21","3,360.20",0.76%
2020/12/22,"3,356.78","3,410.97","3,415.75","3,353.86",-1.86%
2020/12/21,"3,420.57","3,394.39","3,423.61","3,381.12",0.76%
2020/12/18,"3,394.90","3,400.49","3,413.81","3,382.75",-0.29%
2020/12/17,"3,404.87","3,367.28","3,406.15","3,354.01",1.13%
2020/12/16,"3,366.98","3,371.26","3,378.66","3,359.17",-0.01%
2020/12/15,"3,367.23","3,366.58","3,373.56","3,348.42",-0.06%
2020/12/14,"3,369.12","3,349.53","3,371.13","3,338.63",0.66%
2020/12/11,"3,347.19","3,381.01","3,383.18","3,325.17",-0.77%
2020/12/10,"3,373.28","3,365.73","3,384.89","3,357.75",0.04%
2020/12/9,"3,371.96","3,416.08","3,422.54","3,371.92",-1.12%
2020/12/8,"3,410.18","3,417.69","3,428.66","3,403.03",-0.19%
2020/12/7,"3,416.60","3,446.65","3,449.58","3,414.31",-0.81%
2020/12/4,"3,444.58","3,436.73","3,448.40","3,417.05",0.07%
2020/12/3,"3,442.14","3,448.54","3,452.16","3,428.80",-0.21%
2020/12/2,"3,449.38","3,453.52","3,465.73","3,435.87",-0.07%
2020/12/1,"3,451.94","3,388.99","3,457.64","3,386.91",1.77%
2020/11/30,"3,391.76","3,418.16","3,456.74","3,391.76",-0.49%
2020/11/27,"3,408.31","3,373.84","3,408.31","3,364.49",1.14%
2020/11/26,"3,369.73","3,360.06","3,371.45","3,344.28",0.22%
2020/11/25,"3,362.33","3,417.51","3,423.49","3,362.33",-1.19%
2020/11/24,"3,402.82","3,407.41","3,413.93","3,396.24",-0.34%
2020/11/23,"3,414.49","3,384.10","3,431.65","3,377.99",1.09%
2020/11/20,"3,377.73","3,359.60","3,380.15","3,356.31",0.44%
2020/11/19,"3,363.09","3,339.09","3,367.33","3,330.45",0.47%
2020/11/18,"3,347.30","3,337.33","3,358.89","3,333.99",0.22%
2020/11/17,"3,339.90","3,347.15","3,347.70","3,323.95",-0.21%
2020/11/16,"3,346.97","3,325.62","3,346.97","3,313.65",1.11%
2020/11/13,"3,310.10","3,327.23","3,327.23","3,291.64",-0.86%
2020/11/12,"3,338.68","3,344.46","3,350.28","3,329.49",-0.11%
2020/11/11,"3,342.20","3,354.02","3,365.84","3,339.04",-0.53%
2020/11/10,"3,360.15","3,387.62","3,387.62","3,346.17",-0.40%
2020/11/9,"3,373.73","3,329.43","3,380.82","3,329.43",1.86%
2020/11/6,"3,312.16","3,326.46","3,326.46","3,292.15",-0.24%
2020/11/5,"3,320.13","3,305.58","3,320.41","3,291.60",1.30%
2020/11/4,"3,277.44","3,273.43","3,286.62","3,254.11",0.19%
2020/11/3,"3,271.07","3,239.81","3,278.38","3,237.85",1.42%
2020/11/2,"3,225.12","3,228.72","3,242.80","3,209.91",0.02%
2020/10/30,"3,224.53","3,278.63","3,279.86","3,219.42",-1.47%
2020/10/29,"3,272.73","3,235.76","3,289.77","3,231.12",0.11%
2020/10/28,"3,269.24","3,256.22","3,275.87","3,238.38",0.46%
2020/10/27,"3,254.32","3,240.74","3,258.34","3,235.54",0.10%
2020/10/26,"3,251.12","3,258.70","3,264.45","3,226.60",-0.82%
2020/10/23,"3,278.00","3,308.16","3,326.05","3,276.62",-1.04%
2020/10/22,"3,312.50","3,315.82","3,320.88","3,281.37",-0.38%
2020/10/21,"3,325.02","3,332.15","3,332.15","3,304.17",-0.09%
2020/10/20,"3,328.10","3,307.15","3,328.10","3,293.77",0.47%
2020/10/19,"3,312.67","3,351.10","3,371.09","3,307.84",-0.71%
2020/10/16,"3,336.36","3,334.46","3,348.95","3,319.11",0.13%
2020/10/15,"3,332.18","3,342.92","3,354.58","3,330.00",-0.26%
2020/10/14,"3,340.78","3,353.62","3,353.62","3,332.96",-0.56%
2020/10/13,"3,359.75","3,353.12","3,361.83","3,334.50",0.04%
2020/10/12,"3,358.47","3,287.33","3,359.15","3,286.11",2.64%
2020/10/9,"3,272.08","3,262.61","3,280.51","3,260.19",1.68%
2020/9/30,"3,218.05","3,232.71","3,244.91","3,202.34",-0.20%
2020/9/29,"3,224.36","3,231.85","3,242.79","3,219.79",0.21%
2020/9/28,"3,217.53","3,224.98","3,238.18","3,210.89",-0.06%
2020/9/25,"3,219.42","3,234.37","3,239.47","3,208.03",-0.12%
2020/9/24,"3,223.18","3,262.88","3,265.35","3,221.24",-1.72%
2020/9/23,"3,279.71","3,278.84","3,289.76","3,264.89",0.17%
2020/9/22,"3,274.30","3,290.67","3,320.23","3,265.70",-1.29%
2020/9/21,"3,316.94","3,348.90","3,350.59","3,313.07",-0.63%
2020/9/18,"3,338.09","3,270.91","3,338.32","3,268.53",2.07%
2020/9/17,"3,270.44","3,277.32","3,290.41","3,248.50",-0.41%
2020/9/16,"3,283.92","3,293.17","3,302.46","3,271.07",-0.36%
2020/9/15,"3,295.68","3,277.13","3,297.69","3,263.75",0.51%
2020/9/14,"3,278.81","3,275.92","3,283.53","3,261.15",0.57%
2020/9/11,"3,260.35","3,225.78","3,262.50","3,220.54",0.79%
2020/9/10,"3,234.82","3,282.23","3,285.47","3,227.64",-0.61%
2020/9/9,"3,254.63","3,281.00","3,289.61","3,238.56",-1.86%
2020/9/8,"3,316.42","3,301.22","3,324.39","3,276.44",0.72%
2020/9/7,"3,292.59","3,349.92","3,368.24","3,285.63",-1.87%
2020/9/4,"3,355.37","3,336.41","3,360.11","3,328.55",-0.87%
2020/9/3,"3,384.98","3,404.03","3,425.63","3,374.26",-0.58%
2020/9/2,"3,404.80","3,420.47","3,421.40","3,377.21",-0.17%
2020/9/1,"3,410.61","3,389.74","3,410.61","3,381.71",0.44%
2020/8/31,"3,395.68","3,416.55","3,442.74","3,395.47",-0.24%
2020/8/28,"3,403.81","3,346.29","3,405.88","3,339.65",1.60%
2020/8/27,"3,350.11","3,333.49","3,351.83","3,312.99",0.61%
2020/8/26,"3,329.74","3,371.81","3,382.60","3,320.14",-1.30%
2020/8/25,"3,373.58","3,392.88","3,408.87","3,364.16",-0.36%
2020/8/24,"3,385.64","3,391.11","3,396.57","3,368.03",0.15%
2020/8/21,"3,380.68","3,380.23","3,393.92","3,358.00",0.50%
2020/8/20,"3,363.90","3,385.96","3,394.56","3,352.78",-1.30%
2020/8/19,"3,408.13","3,444.56","3,454.46","3,406.16",-1.24%
2020/8/18,"3,451.09","3,441.93","3,456.72","3,432.64",0.36%
2020/8/17,"3,438.80","3,373.90","3,450.90","3,369.37",2.34%
2020/8/14,"3,360.10","3,315.67","3,362.03","3,302.74",1.19%
2020/8/13,"3,320.73","3,328.18","3,338.15","3,309.46",0.04%
2020/8/12,"3,319.27","3,327.49","3,335.73","3,263.27",-0.63%
2020/8/11,"3,340.29","3,379.49","3,409.06","3,336.09",-1.15%
2020/8/10,"3,379.25","3,341.53","3,399.93","3,335.04",0.75%
2020/8/7,"3,354.04","3,370.59","3,374.13","3,307.71",-0.96%
2020/8/6,"3,386.46","3,380.76","3,392.70","3,334.33",0.26%
2020/8/5,"3,377.56","3,363.33","3,383.64","3,333.88",0.17%
2020/8/4,"3,371.69","3,376.44","3,391.07","3,352.50",0.11%
2020/8/3,"3,367.97","3,332.18","3,368.10","3,327.68",1.75%
